full_name,username,email,phone,address,gender,birth_date,register_date,is_premium
رضا محمدی,rezamohammadi,rezamohammadi@example.com,09121234567,تهران - خیابان آزادی,مرد,1987-05-14,2021-03-10,خیر
سمیه احمدی,sahmadi,sahmadi@example.com,09129876543,اصفهان - خیابان چهارباغ,زن,1992-11-22,2022-01-15,بله
علی موسوی,alimousavi,alimousavi@example.com,09123456789,مشهد - بلوار سجاد,مرد,1990-08-30,2020-07-19,خیر
مریم رضایی,maryamrezaii,maryamrezaii@example.com,09351234567,شیراز - بلوار چمران,زن,1995-03-05,2023-05-22,بله
حسین یوسفی,hosseinyousefi,hosseinyousefi@example.com,09135551234,تبریز - خیابان امام,مرد,1985-12-11,2019-11-30,خیر
زهرا سادات حسینی,zshosseini,zshosseini@example.com,09121112233,تهران - خیابان انقلاب,زن,1991-04-12,2020-09-18,بله
محمد شریفی,msharifi,msharifi@example.com,09124445566,کرج - میدان شهدا,مرد,1987-12-05,2018-03-27,خیر
الهام شاکری,elhamshakeri,elhamshakeri@example.com,09351112233,تهران - خیابان شریعتی,زن,1995-07-21,2022-02-14,خیر
رضا مرادی,rezamoradi,rezamoradi@example.com,09127778899,قم - بلوار امین,مرد,1989-10-30,2019-11-09,بله
سارا یوسفی,sarayoosefi,sarayoosefi@example.com,09136667788,تبریز - خیابان امام,زن,1993-02-17,2021-08-23,خیر
مهدی قاسمی,ghasemimehdi,ghasemimehdi@example.com,09129998877,تهران - شهرک غرب,مرد,1984-05-09,2017-06-12,خیر
پریسا محمدی,parisamohammadi,parisamohammadi@example.com,09352223344,رشت - بلوار گیلان,زن,1996-08-28,2021-04-19,بله
امیرحسین عباسی,amirabbasi,amirabbasi@example.com,09123334455,تهران - خیابان مطهری,مرد,1982-09-14,2015-10-05,خیر
نگار رضوانی,negarr,negarr@example.com,09125556677,اصفهان - خیابان شیخ بهایی,زن,1994-03-22,2020-12-03,بله
حامد شفیعی,hamedshafiee,hamedshafiee@example.com,09128889900,اهواز - کیانپارس,مرد,1986-11-11,2019-05-28,خیر
سمانه موسوی,samanemousavi,samanemousavi@example.com,09353334455,یزد - صفائیه,زن,1992-12-29,2021-07-15,خیر
یاسر قنبری,yaserghanbari,yaserghanbari@example.com,09137778899,کرمانشاه - بلوار طاقبستان,مرد,1985-08-03,2018-03-19,بله
الهام نادری,elnaderi,elnaderi@example.com,09354445566,تهران - سعادت‌آباد,زن,1997-06-16,2022-10-07,خیر
سعید رستمی,saeedr,saeedr@example.com,09121113344,تهران - خیابان پاسداران,مرد,1983-04-27,2016-01-22,خیر
مینا شریعتی,minashariati,minashariati@example.com,09126667788,شیراز - معالی‌آباد,زن,1991-09-19,2020-06-11,بله
حسین یوسفی,hosseinyousefi2,hosseinyousefi2@example.com,09129990011,مشهد - بلوار سجاد,مرد,1988-02-13,2017-08-30,خیر
فرزانه سادات موسوی,farzaneh.mousavi,farzaneh.mousavi@example.com,09356667788,تهران - خیابان پیروزی,زن,1993-10-25,2021-11-12,بله
علی اکبری,aliakbari,aliakbari@example.com,09121114455,تهران - خیابان جردن,مرد,1986-07-19,2019-02-17,خیر
سحر محمدی,saharmohammadi,saharmohammadi@example.com,09128887766,اصفهان - خیابان آمادگاه,زن,1995-01-08,2022-04-23,خیر
مهدی رضایی,mehdirezaii,mehdirezaii@example.com,09123335566,تهران - خیابان فاطمی,مرد,1989-09-27,2020-10-10,بله
مهدیه سادات حسینی,mahdieh.hosseini,mahdieh.hosseini@example.com,09121115566,تهران - خیابان انقلاب,زن,1992-02-18,2021-12-01,خیر
سعید محمدی,saeedmohammadi,saeedmohammadi@example.com,09124446677,کرج - گلشهر,مرد,1987-06-23,2018-05-15,بله
الهام موسوی,elham.mousavi,elham.mousavi@example.com,09351113344,تهران - خیابان شریعتی,زن,1996-09-12,2022-03-10,خیر
رضا یوسفی,rezayousefi,rezayousefi@example.com,09127779900,قم - بلوار امین,مرد,1989-11-11,2019-10-20,بله
سارا رضایی,sararezaei,sararezaei@example.com,09136668899,تبریز - خیابان امام,زن,1993-03-15,2021-09-05,خیر
مهدی محمدی,mehdimohammadi,mehdimohammadi@example.com,09129997788,تهران - شهرک غرب,مرد,1984-06-10,2017-07-18,خیر
پریسا قاسمی,parisaghasemi,parisaghasemi@example.com,09352224455,رشت - بلوار گیلان,زن,1997-08-19,2021-05-20,بله
امیرحسین رضوانی,amirhossein.razvani,amirhossein.razvani@example.com,09123335577,تهران - خیابان مطهری,مرد,1982-10-22,2015-11-15,خیر
نگار موسوی,negarsharifi,negarsharifi@example.com,09125557788,اصفهان - خیابان شیخ بهایی,زن,1994-04-25,2020-11-10,بله
حامد موسوی,hamedmousavi,hamedmousavi@example.com,09128880011,اهواز - کیانپارس,مرد,1986-12-12,2019-06-30,خیر
سمانه رضایی,samanerezaei,samanerezaei@example.com,09353335566,یزد - صفائیه,زن,1992-01-29,2021-08-25,خیر
یاسر محمدی,yasermohammadi,yasermohammadi@example.com,09137779900,کرمانشاه - بلوار طاقبستان,مرد,1985-09-13,2018-04-10,بله
الهام قنبری,elhamghanbari,elhamghanbari@example.com,09354446677,تهران - سعادت‌آباد,زن,1997-07-26,2022-11-15,خیر
سعید شریعتی,saeedshariati,saeedshariati@example.com,09121114477,تهران - خیابان پاسداران,مرد,1983-05-17,2016-02-10,خیر
مینا یوسفی,minayousefi,minayousefi@example.com,09126668899,شیراز - معالی‌آباد,زن,1991-10-29,2020-07-20,بله
حسین موسوی,hosseinmousavi,hosseinmousavi@example.com,09129992233,مشهد - بلوار سجاد,مرد,1988-04-29,2017-10-10,خیر
فرزانه رضایی,farzanehrezaei,farzanehrezaei@example.com,09356669911,تهران - خیابان پیروزی,زن,1993-12-09,2021-01-20,بله
علی رضایی,alirezaei2,alirezaei2@example.com,09121117799,تهران - خیابان جردن,مرد,1986-09-29,2019-04-10,خیر
سحر موسوی,saharmousavi,saharmousavi@example.com,09128888899,اصفهان - خیابان آمادگاه,زن,1995-03-29,2022-06-10,خیر
مهدی محمدی,mehdimohammadi2,mehdimohammadi2@example.com,09123337799,تهران - خیابان انقلاب,مرد,1992-04-29,2021-02-10,بله
سمیه رضایی,somayehrezaei,somayehrezaei@example.com,09124448899,کرج - گلشهر,زن,1987-08-29,2018-07-10,خیر
الهام موسوی,elham.mousavi2,elham.mousavi2@example.com,09351115566,تهران - خیابان شریعتی,زن,1996-11-29,2022-05-10,خیر
رضا رضایی,rezarezaei,rezarezaei@example.com,09127779922,قم - بلوار امین,مرد,1989-01-29,2019-01-10,بله
سارا قاسمی,saraghasemi,saraghasemi@example.com,09136669922,تبریز - خیابان امام,زن,1993-05-29,2021-11-10,خیر
مهدی موسوی,mehdimousavi,mehdimousavi@example.com,09129998822,تهران - شهرک غرب,مرد,1984-08-29,2017-09-10,خیر
پریسا رضایی,parisarezaei,parisarezaei@example.com,09352226677,رشت - بلوار گیلان,زن,1997-10-29,2021-07-10,بله
امیرحسین قاسمی,amirhosseinghasemi,amirhosseinghasemi@example.com,09123337788,تهران - خیابان مطهری,مرد,1982-12-29,2015-01-10,خیر
نگار رضایی,negarrezaei,negarrezaei@example.com,09125559911,اصفهان - خیابان شیخ بهایی,زن,1994-06-29,2020-01-10,بله
حامد قاسمی,hamedghasemi,hamedghasemi@example.com,09128882233,اهواز - کیانپارس,مرد,1986-02-29,2019-08-10,خیر
سمانه رضوانی,samanerazvani,samanerazvani@example.com,09353337788,یزد - صفائیه,زن,1992-03-29,2021-10-10,خیر
یاسر موسوی,yasermousavi,yasermousavi@example.com,09137779922,کرمانشاه - بلوار طاقبستان,مرد,1985-11-29,2018-06-10,بله
الهام رضوانی,elhamrazvani,elhamrazvani@example.com,09354448899,تهران - سعادت‌آباد,زن,1997-09-29,2022-01-10,خیر
سعید رضایی,saeedrezaei,saeedrezaei@example.com,09121116699,تهران - خیابان پاسداران,مرد,1983-07-29,2016-04-10,خیر
مینا موسوی,minamousavi,minamousavi@example.com,09126669922,شیراز - معالی‌آباد,زن,1991-12-29,2020-09-10,بله
حسین رضایی,hosseinrezaei,hosseinrezaei@example.com,09129993344,مشهد - بلوار سجاد,مرد,1988-05-29,2017-11-10,خیر
فرزانه موسوی,farzanehmousavi2,farzanehmousavi2@example.com,09356669922,تهران - خیابان پیروزی,زن,1993-01-29,2021-02-20,بله
علی قاسمی,alighasemi,alighasemi@example.com,09121118899,تهران - خیابان جردن,مرد,1986-10-29,2019-05-10,خیر
سحر رضوانی,saharrazvani,saharrazvani@example.com,09128889911,اصفهان - خیابان آمادگاه,زن,1995-04-29,2022-07-10,خیر
مهدی قنبری,mehdighanbari,mehdighanbari@example.com,09121119900,تهران - خیابان انقلاب,مرد,1990-01-15,2021-03-15,خیر
سحر قاسمی,saharghasemi,saharghasemi@example.com,09124449911,کرج - گلشهر,زن,1992-05-20,2018-08-10,بله
الهام رضایی,elhamrezaei2,elhamrezaei2@example.com,09351116677,تهران - خیابان شریعتی,زن,1997-12-01,2022-06-20,خیر
رضا موسوی,rezamousavi,rezamousavi@example.com,09127779933,قم - بلوار امین,مرد,1988-07-11,2019-11-20,بله
سارا شریعتی,sarashariati,sarashariati@example.com,09136669933,تبریز - خیابان امام,زن,1994-06-15,2021-12-05,خیر
مهدی یوسفی,mehdiyousefi,mehdiyousefi@example.com,09129998833,تهران - شهرک غرب,مرد,1985-12-10,2017-10-18,خیر
پریسا رضوانی,parisarazvani,parisarazvani@example.com,09352227788,رشت - بلوار گیلان,زن,1998-01-19,2021-08-20,بله
امیرحسین قاسمی,amirhosseinghasemi2,amirhosseinghasemi2@example.com,09123338899,تهران - خیابان مطهری,مرد,1983-01-22,2015-02-10,خیر
نگار موسوی,negarmousavi2,negarmousavi2@example.com,09125559922,اصفهان - خیابان شیخ بهایی,زن,1995-07-29,2020-02-10,بله
حامد رضوانی,hamedrazvani,hamedrazvani@example.com,09128883344,اهواز - کیانپارس,مرد,1987-03-22,2019-09-10,خیر
سمانه قاسمی,samanehghasemi2,samanehghasemi2@example.com,09353338899,یزد - صفائیه,زن,1993-04-29,2021-11-20,خیر
یاسر رضوانی,yaserrrazvani,yaserrrazvani@example.com,09137779933,کرمانشاه - بلوار طاقبستان,مرد,1986-12-29,2018-07-10,بله
الهام موسوی,elham.mousavi3,elham.mousavi3@example.com,09354449911,تهران - سعادت‌آباد,زن,1998-02-28,2022-02-10,خیر
سعید قاسمی,saeedghasemi,saeedghasemi@example.com,09121119911,تهران - خیابان پاسداران,مرد,1984-08-29,2016-05-10,خیر
مینا رضوانی,minarazvani,minarazvani@example.com,09126669933,شیراز - معالی‌آباد,زن,1992-12-29,2020-10-10,بله
حسین قاسمی,hosseinghasemi,hosseinghasemi@example.com,09129994455,مشهد - بلوار سجاد,مرد,1989-06-29,2017-12-10,خیر
فرزانه رضوانی,farzanerazvani,farzanerazvani@example.com,09356669933,تهران - خیابان پیروزی,زن,1994-01-29,2021-03-20,بله
علی رضوانی,alirazvani,alirazvani@example.com,09121119922,تهران - خیابان جردن,مرد,1987-10-29,2019-06-10,خیر
سحر موسوی,saharmousavi2,saharmousavi2@example.com,09128889922,اصفهان - خیابان آمادگاه,زن,1996-05-29,2022-08-10,خیر
مهدی رضوانی,mehdirazvani2,mehdirazvani2@example.com,09123339911,تهران - خیابان انقلاب,مرد,1993-05-29,2021-03-10,بله
سعید موسوی,saeedmousavi2,saeedmousavi2@example.com,09121119933,تهران - خیابان آزادی,مرد,1991-02-15,2021-04-15,خیر
مریم قاسمی,maryamghasemi,maryamghasemi@example.com,09124449922,کرج - گلشهر,زن,1993-06-20,2018-09-10,بله
الهام رضوانی,elhamrazvani2,elhamrazvani2@example.com,09351117788,تهران - خیابان شریعتی,زن,1998-01-01,2022-07-20,خیر
رضا شریعتی,rezashariati,rezashariati@example.com,09127779944,قم - بلوار امین,مرد,1987-08-11,2019-12-20,بله
سارا موسوی,saramousavi2,saramousavi2@example.com,09136669944,تبریز - خیابان امام,زن,1995-07-15,2021-01-05,خیر
مهدی رضایی,mehdirazai,mehdirazai@example.com,09129998844,تهران - شهرک غرب,مرد,1986-01-10,2017-11-18,خیر
پریسا قنبری,parisaghanbari,parisaghanbari@example.com,09352228899,رشت - بلوار گیلان,زن,1999-02-19,2021-09-20,بله
امیرحسین رضایی,amirhosseinrezaei,amirhosseinrezaei@example.com,09123339922,تهران - خیابان مطهری,مرد,1984-02-22,2015-03-10,خیر
نگار قاسمی,negarghasemi,negarghasemi@example.com,09125559933,اصفهان - خیابان شیخ بهایی,زن,1996-08-29,2020-03-10,بله
حامد موسوی,hamedmousavi2,hamedmousavi2@example.com,09128884455,اهواز - کیانپارس,مرد,1988-04-22,2019-10-10,خیر
سمانه رضایی,samanerezaei2,samanerezaei2@example.com,09353339911,یزد - صفائیه,زن,1994-05-29,2021-12-20,خیر
یاسر قاسمی,yaserghasemi,yaserghasemi@example.com,09137779944,کرمانشاه - بلوار طاقبستان,مرد,1987-01-29,2018-08-10,بله
الهام رضایی,elhamrezaei3,elhamrezaei3@example.com,09354449922,تهران - سعادت‌آباد,زن,1999-03-28,2022-03-10,خیر
سعید رضوانی,saeedrazvani,saeedrazvani@example.com,09121119944,تهران - خیابان پاسداران,مرد,1985-09-29,2016-06-10,خیر
مینا قاسمی,minaghasemi,minaghasemi@example.com,09126669944,شیراز - معالی‌آباد,زن,1993-01-29,2020-11-10,بله
حسین رضوانی,hosseinrazvani2,hosseinrazvani2@example.com,09129995566,مشهد - بلوار سجاد,مرد,1990-07-29,2017-01-10,خیر
فرزانه قاسمی,farzanehghasemi,farzanehghasemi@example.com,09356669944,تهران - خیابان پیروزی,زن,1995-02-29,2021-04-20,بله
